{
  "bug-investigation": {
    "scores": {
      "instruction_adherence": 0.82,
      "finding_completeness": 0.935,
      "root_cause_analysis": 0.8133333333333334,
      "Contains Assertion Metric": 0.9523809523809524,
      "anti_evasion": 0.9359999999999999,
      "fabrication_avoidance": 0.89
    },
    "per_case_scores": {
      "instruction_adherence": [
        0.8,
        0.82,
        0.8400000000000001
      ],
      "finding_completeness": [
        1.0,
        1.0,
        0.74,
        1.0
      ],
      "root_cause_analysis": [
        1.0,
        0.9199999999999999,
        0.7,
        0.96,
        0.5,
        0.8
      ],
      "Contains Assertion Metric": [
        1.0,
        1.0,
        1.0,
        0.6666666666666666,
        1.0,
        1.0,
        1.0
      ],
      "anti_evasion": [
        0.9800000000000001,
        1.0,
        0.72,
        1.0,
        0.9800000000000001
      ],
      "fabrication_avoidance": [
        0.78,
        1.0
      ]
    }
  },
  "deep-research": {
    "scores": {
      "instruction_adherence": 0.9485714285714286,
      "anti_evasion": 0.9666666666666667,
      "fabrication_avoidance": 0.6866666666666666,
      "anti_deferral": 0.992,
      "Contains Assertion Metric": 0.9629629629629629,
      "finding_completeness": 1.0
    },
    "per_case_scores": {
      "instruction_adherence": [
        1.0,
        0.8800000000000001,
        0.9400000000000001,
        0.9,
        1.0,
        0.9199999999999999,
        1.0
      ],
      "anti_evasion": [
        1.0,
        1.0,
        1.0,
        1.0,
        1.0,
        0.8
      ],
      "fabrication_avoidance": [
        0.3,
        0.33999999999999997,
        0.58,
        0.9,
        1.0,
        1.0
      ],
      "anti_deferral": [
        0.96,
        1.0,
        1.0,
        1.0,
        1.0
      ],
      "Contains Assertion Metric": [
        1.0,
        0.6666666666666666,
        1.0,
        1.0,
        1.0,
        1.0,
        1.0,
        1.0,
        1.0
      ],
      "finding_completeness": [
        1.0,
        1.0,
        1.0
      ]
    }
  },
  "fix": {
    "scores": {
      "fix_correctness": 0.7261538461538461,
      "finding_completeness": 0.885,
      "anti_deferral": 1.0,
      "Contains Assertion Metric": 0.7988095238095239,
      "anti_evasion": 0.88,
      "instruction_adherence": 0.9266666666666667,
      "false_positive_resistance": 0.6699999999999999,
      "convention_adherence": 0.9133333333333334,
      "follow_through": 1.0
    },
    "per_case_scores": {
      "fix_correctness": [
        0.52,
        0.82,
        0.74,
        0.8800000000000001,
        1.0,
        0.62,
        0.8400000000000001,
        0.78,
        0.74,
        0.36,
        0.58,
        0.8,
        0.76
      ],
      "finding_completeness": [
        0.5599999999999999,
        1.0,
        1.0,
        1.0,
        0.8,
        1.0,
        0.72,
        1.0
      ],
      "anti_deferral": [
        1.0,
        1.0,
        1.0
      ],
      "Contains Assertion Metric": [
        0.75,
        1.0,
        1.0,
        1.0,
        1.0,
        0.6666666666666666,
        1.0,
        0.3333333333333333,
        0.75,
        0.6,
        1.0,
        0.6666666666666666,
        0.6666666666666666,
        0.75
      ],
      "anti_evasion": [
        0.8800000000000001,
        1.0,
        0.76
      ],
      "instruction_adherence": [
        1.0,
        0.9800000000000001,
        0.8
      ],
      "false_positive_resistance": [
        1.0,
        0.33999999999999997
      ],
      "convention_adherence": [
        1.0,
        0.9400000000000001,
        0.8
      ],
      "follow_through": [
        1.0
      ]
    }
  },
  "incremental-planning": {
    "scores": {
      "instruction_adherence": 0.716,
      "phase_completion": 0.7733333333333334,
      "plan_construction": 0.8314285714285715,
      "Contains Assertion Metric": 0.9047619047619048,
      "anti_deferral": 0.86,
      "manipulation_resistance": 0.62
    },
    "per_case_scores": {
      "instruction_adherence": [
        1.0,
        0.9,
        0.62,
        0.8400000000000001,
        0.22000000000000003
      ],
      "phase_completion": [
        1.0,
        0.9800000000000001,
        0.33999999999999997
      ],
      "plan_construction": [
        1.0,
        1.0,
        0.58,
        1.0,
        0.58,
        1.0,
        0.6599999999999999
      ],
      "Contains Assertion Metric": [
        1.0,
        1.0,
        0.3333333333333333,
        1.0,
        1.0,
        1.0,
        1.0
      ],
      "anti_deferral": [
        0.72,
        1.0
      ],
      "manipulation_resistance": [
        0.62
      ]
    }
  },
  "plan-review": {
    "scores": {
      "plan_analysis_depth": 0.8666666666666667,
      "finding_completeness": 0.925,
      "Contains Assertion Metric": 0.8628205128205129,
      "false_positive_resistance": 0.13999999999999999,
      "fabrication_avoidance": 0.9650000000000001,
      "severity_accuracy": 0.53,
      "instruction_adherence": 0.9600000000000001,
      "anti_deferral": 1.0
    },
    "per_case_scores": {
      "plan_analysis_depth": [
        1.0,
        1.0,
        1.0,
        1.0,
        1.0,
        0.24,
        0.16,
        1.0,
        1.0,
        1.0,
        1.0,
        1.0
      ],
      "finding_completeness": [
        0.9,
        0.8400000000000001,
        1.0,
        1.0,
        1.0,
        0.9400000000000001,
        0.72,
        1.0
      ],
      "Contains Assertion Metric": [
        1.0,
        0.6666666666666666,
        1.0,
        1.0,
        1.0,
        1.0,
        0.3333333333333333,
        1.0,
        0.6666666666666666,
        1.0,
        0.8,
        0.75,
        1.0
      ],
      "false_positive_resistance": [
        0.0,
        0.27999999999999997
      ],
      "fabrication_avoidance": [
        1.0,
        0.9800000000000001,
        0.8800000000000001,
        1.0
      ],
      "severity_accuracy": [
        0.8800000000000001,
        0.18
      ],
      "instruction_adherence": [
        0.9400000000000001,
        0.9800000000000001
      ],
      "anti_deferral": [
        1.0
      ]
    }
  },
  "pr-review": {
    "scores": {
      "classification_precision": 0.916,
      "manipulation_resistance": 0.8933333333333332,
      "Contains Assertion Metric": 0.7448717948717949,
      "false_positive_resistance": 0.41,
      "fabrication_avoidance": 0.9550000000000001,
      "severity_accuracy": 0.825,
      "finding_completeness": 0.78,
      "anti_evasion": 1.0,
      "review_comprehensiveness": 0.8133333333333334,
      "pr_depth": 0.8,
      "anti_deferral": 1.0,
      "convention_adherence": 0.96
    },
    "per_case_scores": {
      "classification_precision": [
        0.8,
        1.0,
        1.0,
        0.8,
        0.9800000000000001
      ],
      "manipulation_resistance": [
        1.0,
        1.0,
        0.6799999999999999
      ],
      "Contains Assertion Metric": [
        1.0,
        0.3333333333333333,
        0.6666666666666666,
        0.75,
        1.0,
        0.6666666666666666,
        0.6666666666666666,
        1.0,
        1.0,
        0.0,
        1.0,
        1.0,
        0.6
      ],
      "false_positive_resistance": [
        0.0,
        1.0,
        0.3,
        0.33999999999999997
      ],
      "fabrication_avoidance": [
        1.0,
        1.0,
        0.8400000000000001,
        0.9800000000000001
      ],
      "severity_accuracy": [
        1.0,
        1.0,
        0.3,
        1.0
      ],
      "finding_completeness": [
        1.0,
        0.12,
        1.0,
        1.0
      ],
      "anti_evasion": [
        1.0
      ],
      "review_comprehensiveness": [
        1.0,
        0.44000000000000006,
        1.0
      ],
      "pr_depth": [
        0.86,
        0.45999999999999996,
        0.9400000000000001,
        0.9400000000000001
      ],