{
  "bug-investigation": {
    "scores": {
      "instruction_adherence": 0.7799999999999999,
      "finding_completeness": 0.94,
      "root_cause_analysis": 0.8033333333333333,
      "Contains Assertion Metric": 0.9523809523809524,
      "anti_evasion": 0.82,
      "fabrication_avoidance": 0.83
    },
    "per_case_scores": {
      "instruction_adherence": [
        0.82,
        0.8,
        0.72
      ],
      "finding_completeness": [
        1.0,
        1.0,
        0.76,
        1.0
      ],
      "root_cause_analysis": [
        1.0,
        1.0,
        0.52,
        0.9,
        0.5,
        0.9
      ],
      "Contains Assertion Metric": [
        1.0,
        1.0,
        1.0,
        0.6666666666666666,
        1.0,
        1.0,
        1.0
      ],
      "anti_evasion": [
        1.0,
        0.96,
        0.5
      ],
      "fabrication_avoidance": [
        0.6599999999999999,
        1.0
      ]
    }
  },
  "deep-research": {
    "scores": {
      "instruction_adherence": 0.9,
      "anti_evasion": 1.0,
      "fabrication_avoidance": 0.752,
      "Contains Assertion Metric": 0.9583333333333334,
      "finding_completeness": 1.0,
      "anti_deferral": 0.9866666666666667
    },
    "per_case_scores": {
      "instruction_adherence": [
        0.86,
        0.8400000000000001,
        0.9,
        0.8800000000000001,
        1.0,
        0.9199999999999999
      ],
      "anti_evasion": [
        1.0,
        1.0,
        1.0,
        1.0
      ],
      "fabrication_avoidance": [
        0.9800000000000001,
        0.4,
        0.5,
        0.8800000000000001,
        1.0
      ],
      "Contains Assertion Metric": [
        1.0,
        0.6666666666666666,
        1.0,
        1.0,
        1.0,
        1.0,
        1.0,
        1.0
      ],
      "finding_completeness": [
        1.0,
        1.0,
        1.0
      ],
      "anti_deferral": [
        0.96,
        1.0,
        1.0
      ]
    }
  },
  "fix": {
    "scores": {
      "fix_correctness": 0.8,
      "finding_completeness": 0.8833333333333333,
      "anti_deferral": 0.9533333333333333,
      "Contains Assertion Metric": 0.7818181818181817,
      "anti_evasion": 0.8500000000000001,
      "instruction_adherence": 0.9400000000000001,
      "false_positive_resistance": 0.6699999999999999,
      "convention_adherence": 0.96
    },
    "per_case_scores": {
      "fix_correctness": [
        0.5,
        0.8,
        0.74,
        0.9,
        0.9800000000000001,
        0.5599999999999999,
        0.9800000000000001,
        0.86,
        0.78,
        0.9
      ],
      "finding_completeness": [
        0.62,
        1.0,
        1.0,
        0.6799999999999999,
        1.0,
        1.0
      ],
      "anti_deferral": [
        1.0,
        0.86,
        1.0
      ],
      "Contains Assertion Metric": [
        0.75,
        0.5,
        1.0,
        1.0,
        1.0,
        0.6666666666666666,
        1.0,
        0.3333333333333333,
        0.75,
        0.6,
        1.0
      ],
      "anti_evasion": [
        0.8800000000000001,
        0.82
      ],
      "instruction_adherence": [
        0.9400000000000001,
        0.9400000000000001
      ],
      "false_positive_resistance": [
        1.0,
        0.33999999999999997
      ],
      "convention_adherence": [
        1.0,
        0.9199999999999999
      ]
    }
  },
  "incremental-planning": {
    "scores": {
      "instruction_adherence": 0.748,
      "phase_completion": 0.7266666666666667,
      "anti_evasion": 0.75,
      "Contains Assertion Metric": 0.9047619047619048,
      "plan_construction": 0.8,
      "anti_deferral": 0.71
    },
    "per_case_scores": {
      "instruction_adherence": [
        0.9,
        0.9,
        0.8,
        0.8400000000000001,
        0.3
      ],
      "phase_completion": [
        0.9,
        1.0,
        0.27999999999999997
      ],
      "anti_evasion": [
        0.6,
        0.9
      ],
      "Contains Assertion Metric": [
        0.6666666666666666,
        1.0,
        0.6666666666666666,
        1.0,
        1.0,
        1.0,
        1.0
      ],
      "plan_construction": [
        1.0,
        1.0,
        0.7,
        0.5,
        0.8
      ],
      "anti_deferral": [
        0.42000000000000004,
        1.0
      ]
    }
  },
  "plan-review": {
    "scores": {
      "plan_analysis_depth": 0.8509090909090908,
      "finding_completeness": 0.8714285714285713,
      "Contains Assertion Metric": 0.8611111111111112,
      "false_positive_resistance": 0.13999999999999999,
      "fabrication_avoidance": 0.975,
      "severity_accuracy": 0.55,
      "instruction_adherence": 0.8800000000000001
    },
    "per_case_scores": {
      "plan_analysis_depth": [
        1.0,
        1.0,
        1.0,
        1.0,
        1.0,
        0.26,
        0.33999999999999997,
        1.0,
        0.8400000000000001,
        1.0,
        0.9199999999999999
      ],
      "finding_completeness": [
        0.9400000000000001,
        0.82,
        1.0,
        1.0,
        0.5599999999999999,
        1.0,
        0.78
      ],
      "Contains Assertion Metric": [
        1.0,
        0.3333333333333333,
        1.0,
        1.0,
        1.0,
        1.0,
        0.3333333333333333,
        1.0,
        0.6666666666666666,
        1.0,
        1.0,
        1.0
      ],
      "false_positive_resistance": [
        0.0,
        0.27999999999999997
      ],
      "fabrication_avoidance": [
        1.0,
        1.0,
        0.9,
        1.0
      ],
      "severity_accuracy": [
        0.8800000000000001,
        0.22000000000000003
      ],
      "instruction_adherence": [
        0.8800000000000001
      ]
    }
  },
  "pr-review": {
    "scores": {
      "classification_precision": 0.796,
      "manipulation_resistance": 0.9533333333333333,
      "Contains Assertion Metric": 0.7384615384615384,
      "false_positive_resistance": 0.265,
      "fabrication_avoidance": 0.94,
      "severity_accuracy": 0.8049999999999999,
      "finding_completeness": 0.885,
      "review_comprehensiveness": 0.84,
      "pr_depth": 0.92,
      "convention_adherence": 0.85
    },
    "per_case_scores": {
      "classification_precision": [
        0.8,
        0.5599999999999999,
        0.8800000000000001,
        0.76,
        0.9800000000000001
      ],
      "manipulation_resistance": [
        1.0,
        1.0,
        0.86
      ],
      "Contains Assertion Metric": [
        1.0,
        0.3333333333333333,
        0.6666666666666666,
        1.0,
        1.0,
        1.0,
        0.6666666666666666,
        0.3333333333333333,
        0.6666666666666666,
        0.3333333333333333,
        1.0,
        1.0,
        0.6
      ],
      "false_positive_resistance": [
        0.0,
        0.8,
        0.2,
        0.06
      ],
      "fabrication_avoidance": [
        1.0,
        0.9,
        0.9199999999999999,
        0.9400000000000001
      ],
      "severity_accuracy": [
        0.72,
        1.0,
        0.5,
        1.0
      ],
      "finding_completeness": [
        1.0,
        0.9400000000000001,
        0.6,
        1.0
      ],
      "review_comprehensiveness": [
        0.82,
        1.0,
        0.7
      ],
      "pr_depth": [
        0.86,
        0.8400000000000001,
        0.9800000000000001,
        1.0
      ],
      "convention_adherence": [
        1.0,
        0.7
      ]
    }
  },
  "quality-gate": {
    "scores": {
      "review_comprehensiveness": 0.9046153846153846,
      "false_positive_resistance": 0.36,
      "classification_precision": 0.9400000000000001,
      "severity_accuracy": 0.9120000000000001,
      "Contains Assertion Metric": 0.7844444444444444,
      "fabrication_avoidance": 0.49,
      "anti_deferral": 1.0,
      "finding_completeness": 0.9440000000000002,
      "manipulation_resistance": 1.0,
      "phase_completion": 1.0,
      "anti_evasion": 1.0,
      "instruction_adherence": 0.9,
      "multi_pass_execution": 0.9600000000000001,