{
  "bug-investigation": {
    "scores": {
      "instruction_adherence": 0.8066666666666666,
      "finding_completeness": 0.9333333333333332,
      "root_cause_analysis": 0.772,
      "Contains Assertion Metric": 0.9444444444444445,
      "anti_evasion": 0.8266666666666667,
      "fabrication_avoidance": 0.77
    },
    "per_case_scores": {
      "instruction_adherence": [
        0.82,
        0.8,
        0.8
      ],
      "finding_completeness": [
        1.0,
        1.0,
        0.8
      ],
      "root_cause_analysis": [
        1.0,
        0.96,
        0.48,
        0.8800000000000001,
        0.54
      ],
      "Contains Assertion Metric": [
        1.0,
        1.0,
        1.0,
        0.6666666666666666,
        1.0,
        1.0
      ],
      "anti_evasion": [
        1.0,
        1.0,
        0.48
      ],
      "fabrication_avoidance": [
        0.64,
        0.9
      ]
    }
  },
  "deep-research": {
    "scores": {
      "instruction_adherence": 0.9466666666666668,
      "anti_evasion": 1.0,
      "fabrication_avoidance": 0.555,
      "Contains Assertion Metric": 0.9047619047619048,
      "finding_completeness": 1.0,
      "anti_deferral": 1.0
    },
    "per_case_scores": {
      "instruction_adherence": [
        0.9800000000000001,
        0.9,
        1.0,
        0.9800000000000001,
        0.8800000000000001,
        0.9400000000000001
      ],
      "anti_evasion": [
        1.0,
        1.0,
        1.0
      ],
      "fabrication_avoidance": [
        0.38,
        0.27999999999999997,
        0.62,
        0.9400000000000001
      ],
      "Contains Assertion Metric": [
        1.0,
        0.6666666666666666,
        1.0,
        1.0,
        1.0,
        0.6666666666666666,
        1.0
      ],
      "finding_completeness": [
        1.0,
        1.0
      ],
      "anti_deferral": [
        1.0,
        1.0
      ]
    }
  },
  "fix": {
    "scores": {
      "fix_correctness": 0.7325,
      "finding_completeness": 0.908,
      "anti_deferral": 1.0,
      "Contains Assertion Metric": 0.7777777777777778,
      "anti_evasion": 0.65,
      "instruction_adherence": 0.9299999999999999,
      "false_positive_resistance": 0.65,
      "convention_adherence": 1.0
    },
    "per_case_scores": {
      "fix_correctness": [
        0.5599999999999999,
        0.3,
        0.8,
        1.0,
        1.0,
        0.5,
        0.8400000000000001,
        0.86
      ],
      "finding_completeness": [
        0.74,
        1.0,
        1.0,
        0.8,
        1.0
      ],
      "anti_deferral": [
        1.0,
        1.0
      ],
      "Contains Assertion Metric": [
        0.75,
        0.5,
        1.0,
        1.0,
        1.0,
        0.6666666666666666,
        1.0,
        0.3333333333333333,
        0.75
      ],
      "anti_evasion": [
        0.5,
        0.8
      ],
      "instruction_adherence": [
        1.0,
        0.86
      ],
      "false_positive_resistance": [
        1.0,
        0.3
      ],
      "convention_adherence": [
        1.0
      ]
    }
  },
  "incremental-planning": {
    "scores": {
      "instruction_adherence": 0.7400000000000001,
      "phase_completion": 0.49333333333333335,
      "anti_evasion": 0.76,
      "Contains Assertion Metric": 0.8055555555555555,
      "plan_construction": 0.7949999999999999,
      "anti_deferral": 0.85
    },
    "per_case_scores": {
      "instruction_adherence": [
        0.9800000000000001,
        0.3,
        0.8,
        0.8800000000000001
      ],
      "phase_completion": [
        0.9800000000000001,
        0.2,
        0.3
      ],
      "anti_evasion": [
        0.62,
        0.9
      ],
      "Contains Assertion Metric": [
        0.6666666666666666,
        0.5,
        0.6666666666666666,
        1.0,
        1.0,
        1.0
      ],
      "plan_construction": [
        0.5,
        1.0,
        0.6799999999999999,
        1.0
      ],
      "anti_deferral": [
        0.7,
        1.0
      ]
    }
  },
  "plan-review": {
    "scores": {
      "plan_analysis_depth": 0.8222222222222223,
      "finding_completeness": 0.992,
      "Contains Assertion Metric": 0.9,
      "false_positive_resistance": 0.15,
      "fabrication_avoidance": 1.0,
      "severity_accuracy": 0.56,
      "instruction_adherence": 0.9400000000000001
    },
    "per_case_scores": {
      "plan_analysis_depth": [
        1.0,
        1.0,
        1.0,
        1.0,
        1.0,
        0.04,
        0.36,
        1.0,
        1.0
      ],
      "finding_completeness": [
        0.96,
        1.0,
        1.0,
        1.0,
        1.0
      ],
      "Contains Assertion Metric": [
        1.0,
        1.0,
        1.0,
        1.0,
        1.0,
        1.0,
        0.3333333333333333,
        1.0,
        0.6666666666666666,
        1.0
      ],
      "false_positive_resistance": [
        0.0,
        0.3
      ],
      "fabrication_avoidance": [
        1.0,
        1.0,
        1.0
      ],
      "severity_accuracy": [
        0.9800000000000001,
        0.13999999999999999
      ],
      "instruction_adherence": [
        0.9400000000000001
      ]
    }
  },
  "pr-review": {
    "scores": {
      "classification_precision": 0.81,
      "manipulation_resistance": 0.88,
      "Contains Assertion Metric": 0.7348484848484849,
      "false_positive_resistance": 0.435,
      "fabrication_avoidance": 1.0,
      "severity_accuracy": 0.82,
      "finding_completeness": 0.99,
      "review_comprehensiveness": 1.0,
      "pr_depth": 0.9666666666666667,
      "convention_adherence": 1.0
    },
    "per_case_scores": {
      "classification_precision": [
        0.42000000000000004,
        0.96,
        0.9400000000000001,
        0.9199999999999999
      ],
      "manipulation_resistance": [
        0.8800000000000001,
        1.0,
        0.76
      ],
      "Contains Assertion Metric": [
        1.0,
        0.0,
        0.3333333333333333,
        0.75,
        1.0,
        1.0,
        0.6666666666666666,
        0.6666666666666666,
        1.0,
        0.6666666666666666,
        1.0
      ],
      "false_positive_resistance": [
        0.0,
        1.0,
        0.13999999999999999,
        0.6
      ],
      "fabrication_avoidance": [
        1.0,
        1.0,
        1.0
      ],
      "severity_accuracy": [
        0.9400000000000001,
        1.0,
        0.52
      ],
      "finding_completeness": [
        1.0,
        0.9800000000000001
      ],
      "review_comprehensiveness": [
        1.0,
        1.0
      ],
      "pr_depth": [
        0.9199999999999999,
        0.9800000000000001,
        1.0
      ],
      "convention_adherence": [
        1.0
      ]
    }
  },
  "quality-gate": {
    "scores": {
      "review_comprehensiveness": 0.889090909090909,
      "false_positive_resistance": 0.13,
      "classification_precision": 0.8480000000000001,
      "severity_accuracy": 0.7050000000000001,
      "Contains Assertion Metric": 0.7948717948717949,
      "fabrication_avoidance": 0.5,
      "anti_deferral": 1.0,
      "finding_completeness": 0.965,
      "manipulation_resistance": 1.0,
      "phase_completion": 1.0,
      "anti_evasion": 1.0,
      "instruction_adherence": 0.8800000000000001,
      "multi_pass_execution": 0.9,
      "convention_adherence": 0.08
    },
    "per_case_scores": {
      "review_comprehensiveness": [
        0.78,
        1.0,
        1.0,
        1.0,
        1.0,
        0.86,
        1.0,
        1.0,
        1.0,
        1.0,
        0.13999999999999999
      ],
      "false_positive_resistance": [
        0.18,
        0.04,
        0.3,
        0.0
      ],
      "classification_precision": [
        0.64,
        0.9400000000000001,
        0.8800000000000001,
        0.78,
        1.0
      ],
      "severity_accuracy": [
        0.52,
        0.8,
        0.5,
        1.0
      ],