{
  "fix": {
    "anti_deferral": 0.125,
    "fabrication_avoidance": 0.7125,
    "phase_completion": 0.21875,
    "instruction_adherence": 0.3375,
    "Contains Assertion Metric": 0.8229166666666666
  },
  "quality-gate": {
    "anti_deferral": 0.55,
    "fabrication_avoidance": 0.6950000000000001,
    "phase_completion": 0.25,
    "instruction_adherence": 0.445,
    "Contains Assertion Metric": 0.725
  },
  "test-runner": {
    "phase_completion": 0.31428571428571433,
    "instruction_adherence": 0.6928571428571428,
    "Contains Assertion Metric": 0.7142857142857143
  }
}
