{
  "bug-investigation": {
    "scores": {
      "instruction_adherence": 0.82,
      "finding_completeness": 0.905,
      "root_cause_analysis": 0.84,
      "Contains Assertion Metric": 0.9166666666666667,
      "anti_evasion": 0.9640000000000001,
      "fabrication_avoidance": 0.9099999999999999
    },
    "per_case_scores": {
      "instruction_adherence": [
        0.8400000000000001,
        0.82,
        0.8
      ],
      "finding_completeness": [
        1.0,
        0.96,
        0.6599999999999999,
        1.0
      ],
      "root_cause_analysis": [
        1.0,
        1.0,
        0.82,
        0.9199999999999999,
        0.5,
        0.8
      ],
      "Contains Assertion Metric": [
        1.0,
        1.0,
        1.0,
        0.6666666666666666,
        1.0,
        0.75,
        1.0
      ],
      "anti_evasion": [
        1.0,
        0.9800000000000001,
        0.8400000000000001,
        1.0,
        1.0
      ],
      "fabrication_avoidance": [
        0.82,
        1.0
      ]
    }
  },
  "deep-research": {
    "scores": {
      "instruction_adherence": 0.9085714285714286,
      "anti_evasion": 0.9666666666666667,
      "fabrication_avoidance": 0.6833333333333332,
      "anti_deferral": 1.0,
      "Contains Assertion Metric": 0.925925925925926,
      "finding_completeness": 1.0
    },
    "per_case_scores": {
      "instruction_adherence": [
        0.9,
        0.8,
        0.9199999999999999,
        0.96,
        1.0,
        0.8800000000000001,
        0.9
      ],
      "anti_evasion": [
        1.0,
        1.0,
        1.0,
        1.0,
        1.0,
        0.8
      ],
      "fabrication_avoidance": [
        0.5599999999999999,
        0.3,
        0.42000000000000004,
        0.82,
        1.0,
        1.0
      ],
      "anti_deferral": [
        1.0,
        1.0,
        1.0,
        1.0,
        1.0
      ],
      "Contains Assertion Metric": [
        1.0,
        0.6666666666666666,
        1.0,
        1.0,
        1.0,
        0.6666666666666666,
        1.0,
        1.0,
        1.0
      ],
      "finding_completeness": [
        1.0,
        1.0,
        1.0
      ]
    }
  },
  "fix": {
    "scores": {
      "fix_correctness": 0.6906666666666667,
      "finding_completeness": 0.8466666666666667,
      "anti_deferral": 0.825,
      "Contains Assertion Metric": 0.8291666666666666,
      "anti_evasion": 0.8666666666666667,
      "instruction_adherence": 0.9266666666666667,
      "false_positive_resistance": 0.3,
      "convention_adherence": 0.7666666666666666,
      "follow_through": 1.0
    },
    "per_case_scores": {
      "fix_correctness": [
        0.52,
        0.9,
        0.8,
        0.4,
        1.0,
        0.52,
        0.78,
        0.8,
        0.36,
        0.5,
        0.52,
        0.8400000000000001,
        0.6599999999999999,
        0.78,
        0.9800000000000001
      ],
      "finding_completeness": [
        0.58,
        1.0,
        0.5,
        1.0,
        0.74,
        1.0,
        0.8,
        1.0,
        1.0
      ],
      "anti_deferral": [
        1.0,
        1.0,
        0.3,
        1.0
      ],
      "Contains Assertion Metric": [
        0.75,
        1.0,
        1.0,
        1.0,
        1.0,
        0.6666666666666666,
        1.0,
        0.3333333333333333,
        0.75,
        0.6,
        1.0,
        0.6666666666666666,
        1.0,
        0.5,
        1.0,
        1.0
      ],
      "anti_evasion": [
        1.0,
        0.82,
        0.78
      ],
      "instruction_adherence": [
        0.9800000000000001,
        0.9800000000000001,
        0.82
      ],
      "false_positive_resistance": [
        0.3,
        0.3
      ],
      "convention_adherence": [
        1.0,
        0.54,
        0.76
      ],
      "follow_through": [
        1.0,
        1.0
      ]
    }
  },
  "incremental-planning": {
    "scores": {
      "instruction_adherence": 0.752,
      "phase_completion": 0.8666666666666667,
      "plan_construction": 0.8742857142857143,
      "Contains Assertion Metric": 0.9523809523809524,
      "anti_deferral": 0.9,
      "manipulation_resistance": 0.8
    },
    "per_case_scores": {
      "instruction_adherence": [
        0.9800000000000001,
        0.9199999999999999,
        0.8,
        0.8400000000000001,
        0.22000000000000003
      ],
      "phase_completion": [
        1.0,
        1.0,
        0.6
      ],
      "plan_construction": [
        1.0,
        1.0,
        0.8,
        1.0,
        0.76,
        0.8,
        0.76
      ],
      "Contains Assertion Metric": [
        1.0,
        1.0,
        0.6666666666666666,
        1.0,
        1.0,
        1.0,
        1.0
      ],
      "anti_deferral": [
        0.8,
        1.0
      ],
      "manipulation_resistance": [
        0.8
      ]
    }
  },
  "plan-review": {
    "scores": {
      "plan_analysis_depth": 0.8753846153846154,
      "finding_completeness": 0.9777777777777779,
      "Contains Assertion Metric": 0.9142857142857144,
      "false_positive_resistance": 0.1,
      "fabrication_avoidance": 0.965,
      "severity_accuracy": 0.5700000000000001,
      "instruction_adherence": 0.9,
      "anti_deferral": 1.0
    },
    "per_case_scores": {
      "plan_analysis_depth": [
        1.0,
        1.0,
        1.0,
        1.0,
        1.0,
        0.3,
        0.24,
        1.0,
        1.0,
        1.0,
        1.0,
        1.0,
        0.8400000000000001
      ],
      "finding_completeness": [
        0.9400000000000001,
        0.9800000000000001,
        1.0,
        1.0,
        1.0,
        1.0,
        1.0,
        1.0,
        0.8800000000000001
      ],
      "Contains Assertion Metric": [
        1.0,
        1.0,
        1.0,
        1.0,
        1.0,
        1.0,
        0.3333333333333333,
        1.0,
        0.6666666666666666,
        1.0,
        1.0,
        1.0,
        1.0,
        0.8
      ],
      "false_positive_resistance": [
        0.0,
        0.2
      ],
      "fabrication_avoidance": [
        1.0,
        1.0,
        0.86,
        1.0
      ],
      "severity_accuracy": [
        0.9800000000000001,
        0.16
      ],
      "instruction_adherence": [
        0.86,
        0.9400000000000001
      ],
      "anti_deferral": [
        1.0,
        1.0
      ]
    }
  },
  "pr-review": {
    "scores": {
      "classification_precision": 0.908,
      "manipulation_resistance": 0.8933333333333332,
      "Contains Assertion Metric": 0.7488888888888888,
      "false_positive_resistance": 0.45,
      "fabrication_avoidance": 0.995,
      "severity_accuracy": 0.81,
      "finding_completeness": 0.8733333333333334,
      "anti_evasion": 0.75,
      "review_comprehensiveness": 0.9666666666666667,
      "pr_depth": 0.9199999999999999,
      "anti_deferral": 1.0,
      "convention_adherence": 0.83
    },
    "per_case_scores": {
      "classification_precision": [
        0.9400000000000001,
        1.0,
        0.8,
        0.8800000000000001,
        0.9199999999999999
      ],
      "manipulation_resistance": [
        1.0,
        1.0,
        0.6799999999999999
      ],
      "Contains Assertion Metric": [
        1.0,
        0.3333333333333333,
        0.6666666666666666,
        1.0,
        1.0,
        0.6666666666666666,
        0.3333333333333333,
        1.0,
        1.0,
        0.3333333333333333,
        1.0,
        1.0,
        0.6,
        0.5,
        0.8
      ],
      "false_positive_resistance": [
        0.0,
        1.0,
        0.42000000000000004,
        0.38
      ],
      "fabrication_avoidance": [
        1.0,
        1.0,
        0.9800000000000001,
        1.0
      ],
      "severity_accuracy": [
        1.0,
        1.0,
        0.33999999999999997,
        0.9800000000000001,
        1.0,
        0.54
      ],
      "finding_completeness": [
        1.0,
        0.96,
        0.8400000000000001,
        0.9800000000000001,
        1.0,
        0.45999999999999996
      ],