{
  "bug-investigation": {
    "scores": {
      "instruction_adherence": 0.7866666666666667,
      "finding_completeness": 0.9199999999999999,
      "root_cause_analysis": 0.8233333333333334,
      "Contains Assertion Metric": 0.9523809523809524,
      "anti_evasion": 0.7999999999999999,
      "fabrication_avoidance": 0.86
    },
    "per_case_scores": {
      "instruction_adherence": [
        0.8400000000000001,
        0.8400000000000001,
        0.6799999999999999
      ],
      "finding_completeness": [
        1.0,
        1.0,
        0.6799999999999999,
        1.0
      ],
      "root_cause_analysis": [
        1.0,
        0.9800000000000001,
        0.54,
        0.96,
        0.6,
        0.86
      ],
      "Contains Assertion Metric": [
        1.0,
        1.0,
        1.0,
        0.6666666666666666,
        1.0,
        1.0,
        1.0
      ],
      "anti_evasion": [
        1.0,
        0.9199999999999999,
        0.48
      ],
      "fabrication_avoidance": [
        0.76,
        0.96
      ]
    }
  },
  "deep-research": {
    "scores": {
      "instruction_adherence": 0.92,
      "anti_evasion": 0.96,
      "fabrication_avoidance": 0.7866666666666666,
      "Contains Assertion Metric": 0.8981481481481483,
      "finding_completeness": 1.0,
      "anti_deferral": 0.98
    },
    "per_case_scores": {
      "instruction_adherence": [
        0.8800000000000001,
        0.82,
        0.9,
        0.9199999999999999,
        1.0,
        0.9800000000000001,
        0.9400000000000001
      ],
      "anti_evasion": [
        1.0,
        1.0,
        1.0,
        1.0,
        0.8
      ],
      "fabrication_avoidance": [
        0.42000000000000004,
        0.9199999999999999,
        0.5,
        0.9,
        1.0,
        0.9800000000000001
      ],
      "Contains Assertion Metric": [
        0.75,
        0.6666666666666666,
        1.0,
        1.0,
        1.0,
        0.6666666666666666,
        1.0,
        1.0,
        1.0
      ],
      "finding_completeness": [
        1.0,
        1.0,
        1.0
      ],
      "anti_deferral": [
        0.96,
        0.9800000000000001,
        1.0
      ]
    }
  },
  "fix": {
    "scores": {
      "fix_correctness": 0.7145454545454546,
      "finding_completeness": 0.8666666666666667,
      "anti_deferral": 0.7666666666666666,
      "Contains Assertion Metric": 0.8138888888888888,
      "anti_evasion": 0.92,
      "instruction_adherence": 0.9199999999999999,
      "false_positive_resistance": 0.42,
      "convention_adherence": 0.7866666666666666
    },
    "per_case_scores": {
      "fix_correctness": [
        0.52,
        0.8,
        0.8,
        0.5599999999999999,
        1.0,
        0.5599999999999999,
        0.8400000000000001,
        0.8,
        0.4,
        1.0,
        0.58
      ],
      "finding_completeness": [
        0.6,
        0.8,
        1.0,
        0.8,
        1.0,
        1.0
      ],
      "anti_deferral": [
        1.0,
        1.0,
        0.3
      ],
      "Contains Assertion Metric": [
        0.75,
        1.0,
        1.0,
        1.0,
        1.0,
        0.6666666666666666,
        1.0,
        0.3333333333333333,
        0.75,
        0.6,
        1.0,
        0.6666666666666666
      ],
      "anti_evasion": [
        0.96,
        0.8800000000000001
      ],
      "instruction_adherence": [
        0.9,
        1.0,
        0.86
      ],
      "false_positive_resistance": [
        0.5,
        0.33999999999999997
      ],
      "convention_adherence": [
        1.0,
        0.6,
        0.76
      ]
    }
  },
  "incremental-planning": {
    "scores": {
      "instruction_adherence": 0.732,
      "phase_completion": 0.7400000000000001,
      "anti_evasion": 1.0,
      "Contains Assertion Metric": 0.8571428571428571,
      "plan_construction": 0.8800000000000001,
      "anti_deferral": 0.6300000000000001
    },
    "per_case_scores": {
      "instruction_adherence": [
        1.0,
        0.8400000000000001,
        0.8,
        0.82,
        0.2
      ],
      "phase_completion": [
        1.0,
        0.8800000000000001,
        0.33999999999999997
      ],
      "anti_evasion": [
        1.0,
        1.0
      ],
      "Contains Assertion Metric": [
        0.6666666666666666,
        1.0,
        0.3333333333333333,
        1.0,
        1.0,
        1.0,
        1.0
      ],
      "plan_construction": [
        1.0,
        0.9800000000000001,
        0.6599999999999999,
        1.0,
        0.76
      ],
      "anti_deferral": [
        0.38,
        0.8800000000000001
      ]
    }
  },
  "plan-review": {
    "scores": {
      "plan_analysis_depth": 0.91,
      "finding_completeness": 0.8975,
      "Contains Assertion Metric": 0.8974358974358974,
      "false_positive_resistance": 0.15,
      "fabrication_avoidance": 0.97,
      "severity_accuracy": 0.6100000000000001,
      "instruction_adherence": 0.8900000000000001
    },
    "per_case_scores": {
      "plan_analysis_depth": [
        1.0,
        1.0,
        1.0,
        1.0,
        1.0,
        0.9199999999999999,
        0.3,
        1.0,
        0.7,
        1.0,
        1.0,
        1.0
      ],
      "finding_completeness": [
        0.96,
        0.9,
        0.8800000000000001,
        1.0,
        0.52,
        0.9199999999999999,
        1.0,
        1.0
      ],
      "Contains Assertion Metric": [
        1.0,
        0.6666666666666666,
        1.0,
        1.0,
        1.0,
        1.0,
        0.3333333333333333,
        1.0,
        0.6666666666666666,
        1.0,
        1.0,
        1.0,
        1.0
      ],
      "false_positive_resistance": [
        0.0,
        0.3
      ],
      "fabrication_avoidance": [
        1.0,
        1.0,
        0.8800000000000001,
        1.0
      ],
      "severity_accuracy": [
        0.9800000000000001,
        0.24
      ],
      "instruction_adherence": [
        0.8800000000000001,
        0.9
      ]
    }
  },
  "pr-review": {
    "scores": {
      "classification_precision": 0.9359999999999999,
      "manipulation_resistance": 0.9733333333333333,
      "Contains Assertion Metric": 0.6871794871794872,
      "false_positive_resistance": 0.39,
      "fabrication_avoidance": 0.8200000000000001,
      "severity_accuracy": 0.89,
      "finding_completeness": 0.895,
      "review_comprehensiveness": 0.9,
      "pr_depth": 0.975,
      "convention_adherence": 0.8
    },
    "per_case_scores": {
      "classification_precision": [
        0.72,
        1.0,
        1.0,
        0.96,
        1.0
      ],
      "manipulation_resistance": [
        0.9800000000000001,
        1.0,
        0.9400000000000001
      ],
      "Contains Assertion Metric": [
        1.0,
        0.0,
        0.3333333333333333,
        1.0,
        0.6666666666666666,
        1.0,
        0.6666666666666666,
        0.3333333333333333,
        1.0,
        0.3333333333333333,
        1.0,
        1.0,
        0.6
      ],
      "false_positive_resistance": [
        0.0,
        1.0,
        0.22000000000000003,
        0.33999999999999997
      ],
      "fabrication_avoidance": [
        1.0,
        0.78,
        0.5,
        1.0
      ],
      "severity_accuracy": [
        1.0,
        1.0,
        0.5599999999999999,
        1.0
      ],
      "finding_completeness": [
        1.0,
        1.0,
        0.58,
        1.0
      ],
      "review_comprehensiveness": [
        1.0,
        1.0,
        0.7
      ],
      "pr_depth": [
        0.96,
        1.0,
        0.9400000000000001,
        1.0
      ],
      "convention_adherence": [
        1.0,
        0.6
      ]
    }
  },
  "quality-gate": {
    "scores": {
      "review_comprehensiveness": 0.916,
      "false_positive_resistance": 0.365,
      "classification_precision": 0.8960000000000001,
      "severity_accuracy": 0.8857142857142858,
      "Contains Assertion Metric": 0.8351851851851851,
      "fabrication_avoidance": 0.73,
      "anti_deferral": 0.9066666666666666,