{
  "bug-investigation": {
    "scores": {
      "instruction_adherence": 0.8466666666666667,
      "finding_completeness": 0.875,
      "root_cause_analysis": 0.86,
      "Contains Assertion Metric": 0.9523809523809524,
      "anti_evasion": 0.9933333333333333,
      "fabrication_avoidance": 0.81
    },
    "per_case_scores": {
      "instruction_adherence": [
        0.8,
        0.82,
        0.9199999999999999
      ],
      "finding_completeness": [
        1.0,
        1.0,
        0.5,
        1.0
      ],
      "root_cause_analysis": [
        0.9800000000000001,
        1.0,
        0.9400000000000001,
        0.82,
        0.52,
        0.9
      ],
      "Contains Assertion Metric": [
        1.0,
        1.0,
        1.0,
        0.6666666666666666,
        1.0,
        1.0,
        1.0
      ],
      "anti_evasion": [
        1.0,
        0.9800000000000001,
        1.0
      ],
      "fabrication_avoidance": [
        0.62,
        1.0
      ]
    }
  },
  "deep-research": {
    "scores": {
      "instruction_adherence": 0.9542857142857143,
      "anti_evasion": 0.9359999999999999,
      "fabrication_avoidance": 0.7600000000000001,
      "Contains Assertion Metric": 0.925925925925926,
      "finding_completeness": 1.0,
      "anti_deferral": 0.9933333333333333
    },
    "per_case_scores": {
      "instruction_adherence": [
        0.9800000000000001,
        0.9,
        0.9,
        1.0,
        1.0,
        0.9800000000000001,
        0.9199999999999999
      ],
      "anti_evasion": [
        1.0,
        1.0,
        1.0,
        1.0,
        0.6799999999999999
      ],
      "fabrication_avoidance": [
        0.3,
        0.8800000000000001,
        0.52,
        0.86,
        1.0,
        1.0
      ],
      "Contains Assertion Metric": [
        1.0,
        0.6666666666666666,
        1.0,
        1.0,
        1.0,
        0.6666666666666666,
        1.0,
        1.0,
        1.0
      ],
      "finding_completeness": [
        1.0,
        1.0,
        1.0
      ],
      "anti_deferral": [
        0.9800000000000001,
        1.0,
        1.0
      ]
    }
  },
  "fix": {
    "scores": {
      "fix_correctness": 0.7381818181818182,
      "finding_completeness": 0.88,
      "anti_deferral": 1.0,
      "Contains Assertion Metric": 0.7722222222222221,
      "anti_evasion": 0.66,
      "instruction_adherence": 0.9266666666666667,
      "false_positive_resistance": 0.65,
      "convention_adherence": 0.9266666666666667
    },
    "per_case_scores": {
      "fix_correctness": [
        0.48,
        0.33999999999999997,
        0.8,
        0.9400000000000001,
        0.9400000000000001,
        0.6,
        0.96,
        0.82,
        0.8,
        0.82,
        0.62
      ],
      "finding_completeness": [
        0.54,
        1.0,
        1.0,
        0.74,
        1.0,
        1.0
      ],
      "anti_deferral": [
        1.0,
        1.0,
        1.0
      ],
      "Contains Assertion Metric": [
        0.75,
        0.5,
        1.0,
        1.0,
        1.0,
        0.6666666666666666,
        1.0,
        0.3333333333333333,
        0.75,
        0.6,
        1.0,
        0.6666666666666666
      ],
      "anti_evasion": [
        0.48,
        0.8400000000000001
      ],
      "instruction_adherence": [
        1.0,
        0.9800000000000001,
        0.8
      ],
      "false_positive_resistance": [
        1.0,
        0.3
      ],
      "convention_adherence": [
        1.0,
        0.9800000000000001,
        0.8
      ]
    }
  },
  "incremental-planning": {
    "scores": {
      "instruction_adherence": 0.736,
      "phase_completion": 0.7600000000000001,
      "anti_evasion": 0.99,
      "Contains Assertion Metric": 0.9047619047619048,
      "plan_construction": 0.868,
      "anti_deferral": 0.98
    },
    "per_case_scores": {
      "instruction_adherence": [
        0.9400000000000001,
        0.8800000000000001,
        0.8,
        0.8,
        0.26
      ],
      "phase_completion": [
        1.0,
        0.9800000000000001,
        0.3
      ],
      "anti_evasion": [
        1.0,
        0.9800000000000001
      ],
      "Contains Assertion Metric": [
        0.6666666666666666,
        1.0,
        0.6666666666666666,
        1.0,
        1.0,
        1.0,
        1.0
      ],
      "plan_construction": [
        0.9800000000000001,
        0.96,
        0.64,
        1.0,
        0.76
      ],
      "anti_deferral": [
        0.96,
        1.0
      ]
    }
  },
  "plan-review": {
    "scores": {
      "plan_analysis_depth": 0.8766666666666666,
      "finding_completeness": 0.935,
      "Contains Assertion Metric": 0.8974358974358974,
      "false_positive_resistance": 0.15,
      "fabrication_avoidance": 0.96,
      "severity_accuracy": 0.5900000000000001,
      "instruction_adherence": 0.8300000000000001
    },
    "per_case_scores": {
      "plan_analysis_depth": [
        1.0,
        1.0,
        1.0,
        1.0,
        1.0,
        0.38,
        0.32,
        1.0,
        1.0,
        1.0,
        1.0,
        0.82
      ],
      "finding_completeness": [
        0.9400000000000001,
        1.0,
        1.0,
        1.0,
        1.0,
        1.0,
        0.96,
        0.58
      ],
      "Contains Assertion Metric": [
        1.0,
        0.6666666666666666,
        1.0,
        1.0,
        1.0,
        1.0,
        0.3333333333333333,
        1.0,
        0.6666666666666666,
        1.0,
        1.0,
        1.0,
        1.0
      ],
      "false_positive_resistance": [
        0.0,
        0.3
      ],
      "fabrication_avoidance": [
        1.0,
        0.9199999999999999,
        0.9199999999999999,
        1.0
      ],
      "severity_accuracy": [
        0.9800000000000001,
        0.2
      ],
      "instruction_adherence": [
        0.8400000000000001,
        0.82
      ]
    }
  },
  "pr-review": {
    "scores": {
      "classification_precision": 0.9400000000000001,
      "manipulation_resistance": 0.8799999999999999,
      "Contains Assertion Metric": 0.7448717948717949,
      "false_positive_resistance": 0.485,
      "fabrication_avoidance": 0.985,
      "severity_accuracy": 0.835,
      "finding_completeness": 0.905,
      "review_comprehensiveness": 0.9133333333333334,
      "pr_depth": 0.93,
      "convention_adherence": 0.82
    },
    "per_case_scores": {
      "classification_precision": [
        0.74,
        1.0,
        0.96,
        1.0,
        1.0
      ],
      "manipulation_resistance": [
        0.96,
        1.0,
        0.6799999999999999
      ],
      "Contains Assertion Metric": [
        1.0,
        0.3333333333333333,
        0.6666666666666666,
        0.75,
        1.0,
        1.0,
        0.6666666666666666,
        0.6666666666666666,
        1.0,
        0.0,
        1.0,
        1.0,
        0.6
      ],
      "false_positive_resistance": [
        0.0,
        1.0,
        0.3,
        0.64
      ],
      "fabrication_avoidance": [
        1.0,
        0.9400000000000001,
        1.0,
        1.0
      ],
      "severity_accuracy": [
        1.0,
        1.0,
        0.33999999999999997,
        1.0
      ],
      "finding_completeness": [
        1.0,
        1.0,
        0.62,
        1.0
      ],
      "review_comprehensiveness": [
        1.0,
        1.0,
        0.74
      ],
      "pr_depth": [
        0.78,
        1.0,
        0.96,
        0.9800000000000001
      ],
      "convention_adherence": [
        0.96,
        0.6799999999999999
      ]
    }
  },
  "quality-gate": {
    "scores": {
      "review_comprehensiveness": 0.88,
      "false_positive_resistance": 0.24000000000000002,
      "classification_precision": 0.796,
      "severity_accuracy": 0.8485714285714286,
      "Contains Assertion Metric": 0.8064814814814816,
      "fabrication_avoidance": 0.64,
      "anti_deferral": 0.9733333333333333,
      "finding_completeness": 0.935,
      "manipulation_resistance": 1.0,
      "phase_completion": 0.99,
      "anti_evasion": 1.0,