{
  "bug-investigation": {
    "scores": {
      "instruction_adherence": 0.8066666666666666,
      "finding_completeness": 0.89,
      "root_cause_analysis": 0.7800000000000001,
      "Contains Assertion Metric": 0.9523809523809524,
      "anti_evasion": 0.7133333333333334,
      "fabrication_avoidance": 0.74
    },
    "per_case_scores": {
      "instruction_adherence": [
        0.82,
        0.8,
        0.8
      ],
      "finding_completeness": [
        1.0,
        1.0,
        0.5599999999999999,
        1.0
      ],
      "root_cause_analysis": [
        0.9800000000000001,
        0.96,
        0.5,
        0.8400000000000001,
        0.52,
        0.8800000000000001
      ],
      "Contains Assertion Metric": [
        1.0,
        1.0,
        1.0,
        0.6666666666666666,
        1.0,
        1.0,
        1.0
      ],
      "anti_evasion": [
        1.0,
        0.8400000000000001,
        0.3
      ],
      "fabrication_avoidance": [
        0.48,
        1.0
      ]
    }
  },
  "deep-research": {
    "scores": {
      "instruction_adherence": 0.9542857142857143,
      "anti_evasion": 0.9480000000000001,
      "fabrication_avoidance": 0.7200000000000001,
      "Contains Assertion Metric": 0.8981481481481483,
      "finding_completeness": 1.0,
      "anti_deferral": 0.98
    },
    "per_case_scores": {
      "instruction_adherence": [
        0.9800000000000001,
        0.8,
        0.96,
        0.9800000000000001,
        1.0,
        0.96,
        1.0
      ],
      "anti_evasion": [
        1.0,
        1.0,
        1.0,
        1.0,
        0.74
      ],
      "fabrication_avoidance": [
        0.33999999999999997,
        0.8800000000000001,
        0.6,
        0.5,
        1.0,
        1.0
      ],
      "Contains Assertion Metric": [
        1.0,
        0.6666666666666666,
        1.0,
        1.0,
        0.75,
        0.6666666666666666,
        1.0,
        1.0,
        1.0
      ],
      "finding_completeness": [
        1.0,
        1.0,
        1.0
      ],
      "anti_deferral": [
        0.9800000000000001,
        0.96,
        1.0
      ]
    }
  },
  "fix": {
    "scores": {
      "fix_correctness": 0.688,
      "finding_completeness": 0.7833333333333333,
      "anti_deferral": 1.0,
      "Contains Assertion Metric": 0.8272727272727273,
      "anti_evasion": 0.71,
      "instruction_adherence": 1.0,
      "false_positive_resistance": 0.42000000000000004,
      "convention_adherence": 1.0
    },
    "per_case_scores": {
      "fix_correctness": [
        0.5,
        0.38,
        0.8,
        0.7,
        1.0,
        0.58,
        0.86,
        0.96,
        0.8,
        0.3
      ],
      "finding_completeness": [
        0.6,
        0.8,
        1.0,
        0.8,
        1.0,
        0.5
      ],
      "anti_deferral": [
        1.0,
        1.0,
        1.0
      ],
      "Contains Assertion Metric": [
        0.75,
        1.0,
        1.0,
        1.0,
        1.0,
        0.6666666666666666,
        1.0,
        0.3333333333333333,
        0.75,
        0.6,
        1.0
      ],
      "anti_evasion": [
        0.64,
        0.78
      ],
      "instruction_adherence": [
        1.0,
        1.0
      ],
      "false_positive_resistance": [
        0.54,
        0.3
      ],
      "convention_adherence": [
        1.0,
        1.0
      ]
    }
  },
  "incremental-planning": {
    "scores": {
      "instruction_adherence": 0.716,
      "phase_completion": 0.7000000000000001,
      "anti_evasion": 0.96,
      "Contains Assertion Metric": 0.9523809523809524,
      "plan_construction": 0.788,
      "anti_deferral": 0.74
    },
    "per_case_scores": {
      "instruction_adherence": [
        0.96,
        0.8,
        0.8,
        0.8,
        0.22000000000000003
      ],
      "phase_completion": [
        1.0,
        0.82,
        0.27999999999999997
      ],
      "anti_evasion": [
        1.0,
        0.9199999999999999
      ],
      "Contains Assertion Metric": [
        1.0,
        1.0,
        0.6666666666666666,
        1.0,
        1.0,
        1.0,
        1.0
      ],
      "plan_construction": [
        1.0,
        0.9800000000000001,
        0.6799999999999999,
        0.5,
        0.78
      ],
      "anti_deferral": [
        0.48,
        1.0
      ]
    }
  },
  "plan-review": {
    "scores": {
      "plan_analysis_depth": 0.8466666666666667,
      "finding_completeness": 0.885,
      "Contains Assertion Metric": 0.8525641025641026,
      "false_positive_resistance": 0.16,
      "fabrication_avoidance": 0.975,
      "severity_accuracy": 0.58,
      "instruction_adherence": 0.9300000000000002
    },
    "per_case_scores": {
      "plan_analysis_depth": [
        1.0,
        1.0,
        1.0,
        1.0,
        1.0,
        0.22000000000000003,
        0.24,
        1.0,
        0.8,
        1.0,
        0.9,
        1.0
      ],
      "finding_completeness": [
        0.78,
        0.9800000000000001,
        0.9,
        1.0,
        0.7,
        1.0,
        0.72,
        1.0
      ],
      "Contains Assertion Metric": [
        1.0,
        0.3333333333333333,
        1.0,
        1.0,
        1.0,
        1.0,
        0.3333333333333333,
        1.0,
        0.6666666666666666,
        1.0,
        1.0,
        0.75,
        1.0
      ],
      "false_positive_resistance": [
        0.0,
        0.32
      ],
      "fabrication_avoidance": [
        1.0,
        1.0,
        0.9,
        1.0
      ],
      "severity_accuracy": [
        0.96,
        0.2
      ],
      "instruction_adherence": [
        0.8800000000000001,
        0.9800000000000001
      ]
    }
  },
  "pr-review": {
    "scores": {
      "classification_precision": 0.876,
      "manipulation_resistance": 0.8533333333333334,
      "Contains Assertion Metric": 0.667948717948718,
      "false_positive_resistance": 0.35,
      "fabrication_avoidance": 0.9750000000000001,
      "severity_accuracy": 0.855,
      "finding_completeness": 0.9450000000000001,
      "review_comprehensiveness": 0.9333333333333332,
      "pr_depth": 0.925,
      "convention_adherence": 0.9
    },
    "per_case_scores": {
      "classification_precision": [
        0.54,
        1.0,
        0.86,
        0.9800000000000001,
        1.0
      ],
      "manipulation_resistance": [
        0.86,
        1.0,
        0.7
      ],
      "Contains Assertion Metric": [
        1.0,
        0.3333333333333333,
        0.3333333333333333,
        0.75,
        1.0,
        1.0,
        0.3333333333333333,
        0.6666666666666666,
        0.6666666666666666,
        0.0,
        1.0,
        1.0,
        0.6
      ],
      "false_positive_resistance": [
        0.0,
        1.0,
        0.1,
        0.3
      ],
      "fabrication_avoidance": [
        1.0,
        0.9400000000000001,
        0.9800000000000001,
        0.9800000000000001
      ],
      "severity_accuracy": [
        1.0,
        1.0,
        0.42000000000000004,
        1.0
      ],
      "finding_completeness": [
        1.0,
        1.0,
        0.78,
        1.0
      ],
      "review_comprehensiveness": [
        1.0,
        1.0,
        0.8
      ],
      "pr_depth": [
        0.9,
        0.9,
        1.0,
        0.9
      ],
      "convention_adherence": [
        1.0,
        0.8
      ]
    }
  },
  "quality-gate": {
    "scores": {
      "review_comprehensiveness": 0.8814285714285715,
      "false_positive_resistance": 0.11499999999999999,
      "classification_precision": 0.86,
      "severity_accuracy": 0.86,
      "Contains Assertion Metric": 0.7852941176470588,
      "fabrication_avoidance": 0.52,
      "anti_deferral": 1.0,
      "finding_completeness": 0.9028571428571429,
      "manipulation_resistance": 1.0,
      "phase_completion": 0.925,
      "anti_evasion": 1.0,
      "instruction_adherence": 0.9100000000000001,
      "multi_pass_execution": 0.9299999999999999,
      "convention_adherence": 0.5
    },