{
  "bug-investigation": {
    "scores": {
      "instruction_adherence": 0.8133333333333335,
      "finding_completeness": 0.8266666666666667,
      "root_cause_analysis": 0.828,
      "Contains Assertion Metric": 0.9444444444444445,
      "anti_evasion": 0.8266666666666667,
      "fabrication_avoidance": 0.9600000000000001
    },
    "per_case_scores": {
      "instruction_adherence": [
        0.8,
        0.8400000000000001,
        0.8
      ],
      "finding_completeness": [
        1.0,
        0.9800000000000001,
        0.5
      ],
      "root_cause_analysis": [
        1.0,
        0.9800000000000001,
        0.7,
        0.96,
        0.5
      ],
      "Contains Assertion Metric": [
        1.0,
        1.0,
        1.0,
        0.6666666666666666,
        1.0,
        1.0
      ],
      "anti_evasion": [
        1.0,
        0.9800000000000001,
        0.5
      ],
      "fabrication_avoidance": [
        0.9400000000000001,
        0.9800000000000001
      ]
    }
  },
  "deep-research": {
    "scores": {
      "instruction_adherence": 0.9433333333333334,
      "anti_evasion": 1.0,
      "fabrication_avoidance": 0.78,
      "Contains Assertion Metric": 0.9583333333333334,
      "finding_completeness": 1.0,
      "anti_deferral": 1.0
    },
    "per_case_scores": {
      "instruction_adherence": [
        1.0,
        0.9,
        0.8800000000000001,
        1.0,
        1.0,
        0.8800000000000001
      ],
      "anti_evasion": [
        1.0,
        1.0,
        1.0,
        1.0
      ],
      "fabrication_avoidance": [
        0.74,
        0.86,
        0.42000000000000004,
        0.8800000000000001,
        1.0
      ],
      "Contains Assertion Metric": [
        1.0,
        1.0,
        1.0,
        1.0,
        1.0,
        0.6666666666666666,
        1.0,
        1.0
      ],
      "finding_completeness": [
        1.0,
        1.0,
        1.0
      ],
      "anti_deferral": [
        1.0,
        1.0,
        1.0
      ]
    }
  },
  "fix": {
    "scores": {
      "fix_correctness": 0.6955555555555555,
      "finding_completeness": 0.8640000000000001,
      "anti_deferral": 1.0,
      "Contains Assertion Metric": 0.76,
      "anti_evasion": 0.6799999999999999,
      "instruction_adherence": 0.9400000000000001,
      "false_positive_resistance": 0.65,
      "convention_adherence": 0.98
    },
    "per_case_scores": {
      "fix_correctness": [
        0.45999999999999996,
        0.3,
        0.8,
        0.9,
        1.0,
        0.5,
        0.72,
        0.8,
        0.78
      ],
      "finding_completeness": [
        0.54,
        1.0,
        1.0,
        0.78,
        1.0
      ],
      "anti_deferral": [
        1.0,
        1.0,
        1.0
      ],
      "Contains Assertion Metric": [
        0.75,
        0.5,
        1.0,
        1.0,
        1.0,
        0.6666666666666666,
        1.0,
        0.3333333333333333,
        0.75,
        0.6
      ],
      "anti_evasion": [
        0.5599999999999999,
        0.8
      ],
      "instruction_adherence": [
        1.0,
        0.8800000000000001
      ],
      "false_positive_resistance": [
        1.0,
        0.3
      ],
      "convention_adherence": [
        1.0,
        0.96
      ]
    }
  },
  "incremental-planning": {
    "scores": {
      "instruction_adherence": 0.865,
      "phase_completion": 0.7666666666666666,
      "anti_evasion": 1.0,
      "Contains Assertion Metric": 0.9444444444444445,
      "plan_construction": 0.9199999999999999,
      "anti_deferral": 1.0
    },
    "per_case_scores": {
      "instruction_adherence": [
        1.0,
        0.82,
        0.8,
        0.8400000000000001
      ],
      "phase_completion": [
        1.0,
        1.0,
        0.3
      ],
      "anti_evasion": [
        1.0,
        1.0
      ],
      "Contains Assertion Metric": [
        1.0,
        1.0,
        0.6666666666666666,
        1.0,
        1.0,
        1.0
      ],
      "plan_construction": [
        1.0,
        1.0,
        0.6799999999999999,
        1.0
      ],
      "anti_deferral": [
        1.0,
        1.0
      ]
    }
  },
  "plan-review": {
    "scores": {
      "plan_analysis_depth": 0.842,
      "finding_completeness": 0.9233333333333333,
      "Contains Assertion Metric": 0.9090909090909091,
      "false_positive_resistance": 0.16999999999999998,
      "fabrication_avoidance": 0.98,
      "severity_accuracy": 0.5900000000000001,
      "instruction_adherence": 0.9199999999999999
    },
    "per_case_scores": {
      "plan_analysis_depth": [
        1.0,
        1.0,
        1.0,
        1.0,
        1.0,
        0.33999999999999997,
        0.3,
        1.0,
        0.78,
        1.0
      ],
      "finding_completeness": [
        0.9800000000000001,
        1.0,
        1.0,
        1.0,
        0.5599999999999999,
        1.0
      ],
      "Contains Assertion Metric": [
        1.0,
        0.6666666666666666,
        1.0,
        1.0,
        1.0,
        1.0,
        0.6666666666666666,
        1.0,
        0.6666666666666666,
        1.0,
        1.0
      ],
      "false_positive_resistance": [
        0.0,
        0.33999999999999997
      ],
      "fabrication_avoidance": [
        1.0,
        1.0,
        0.9199999999999999,
        1.0
      ],
      "severity_accuracy": [
        0.9800000000000001,
        0.2
      ],
      "instruction_adherence": [
        0.9199999999999999
      ]
    }
  },
  "pr-review": {
    "scores": {
      "classification_precision": 0.815,
      "manipulation_resistance": 0.8666666666666667,
      "Contains Assertion Metric": 0.7013888888888888,
      "false_positive_resistance": 0.435,
      "fabrication_avoidance": 0.98,
      "severity_accuracy": 0.7866666666666666,
      "finding_completeness": 0.8333333333333334,
      "review_comprehensiveness": 0.8733333333333334,
      "pr_depth": 0.8933333333333334,
      "convention_adherence": 0.76
    },
    "per_case_scores": {
      "classification_precision": [
        0.42000000000000004,
        1.0,
        0.9199999999999999,
        0.9199999999999999
      ],
      "manipulation_resistance": [
        0.8400000000000001,
        1.0,
        0.76
      ],
      "Contains Assertion Metric": [
        1.0,
        0.3333333333333333,
        0.6666666666666666,
        0.75,
        1.0,
        1.0,
        0.3333333333333333,
        0.3333333333333333,
        1.0,
        0.0,
        1.0,
        1.0
      ],
      "false_positive_resistance": [
        0.0,
        1.0,
        0.27999999999999997,
        0.45999999999999996
      ],
      "fabrication_avoidance": [
        1.0,
        0.9199999999999999,
        1.0,
        1.0
      ],
      "severity_accuracy": [
        1.0,
        1.0,
        0.36
      ],
      "finding_completeness": [
        1.0,
        1.0,
        0.5
      ],
      "review_comprehensiveness": [
        1.0,
        1.0,
        0.62
      ],
      "pr_depth": [
        0.9,
        0.8800000000000001,
        0.9
      ],
      "convention_adherence": [
        1.0,
        0.52
      ]
    }
  },
  "quality-gate": {
    "scores": {
      "review_comprehensiveness": 0.9466666666666667,
      "false_positive_resistance": 0.32,
      "classification_precision": 0.892,
      "severity_accuracy": 0.82,
      "Contains Assertion Metric": 0.8071428571428572,
      "fabrication_avoidance": 0.73,
      "anti_deferral": 0.79,
      "finding_completeness": 0.9450000000000001,
      "manipulation_resistance": 1.0,
      "phase_completion": 1.0,
      "anti_evasion": 1.0,
      "instruction_adherence": 0.96,
      "multi_pass_execution": 0.92,
      "convention_adherence": 0.58
    },
    "per_case_scores": {
      "review_comprehensiveness": [
        0.78,
        1.0,
        1.0,
        1.0,
        1.0,
        0.9400000000000001,
        1.0,
        1.0,
        0.9800000000000001,
        1.0,
        0.6599999999999999,
        1.0
      ],